product_uid,brand,name,slug,category,product_card_image_path,thumbnail_url,product_url
geiger:leeway_stool,geiger,leeway stool,leeway_stool,,,https://www.hermanmiller.com/content/dam/hmicom/app_assets/product_models/l/leeway_stools/leeway_stool_counter_height_wood_seat/GGR_Leeway_Stool_Counter_Height_Wood_Seat_mdl_c.jpg.rendition.900.675.jpg,https://www.hermanmiller.com/en_gb/resources/3d-models-and-planning-tools/product-models/individual/leeway-stool-counter-height-wood-seat/
herman_miller:aeron_chairs,herman_miller,aeron chairs,aeron_chairs,,images/herman_miller/aeron_chairs/HMI_Aeron_Chair_A_Size_Height_Adjustable_Arms_mdl_c.jpg.rendition.480.360.jpg,https://www.hermanmiller.com/content/dam/hmicom/app_assets/product_models/a/aeron_chairs/aeron_chair_c_size_height_adjustable_arms/HMI_Aeron_Chair_C_Size_Height_Adjustable_Arms_mdl_c.jpg.rendition.900.675.jpg,https://www.hermanmiller.com/en_gb/resources/3d-models-and-planning-tools/product-models/individual/aeron-chair-c-size-height-adjustable-arms/
herman_miller:caper_stacking_chair,herman_miller,caper stacking chair,caper_stacking_chair,,images/herman_miller/caper_stacking_chair/HMI_Caper_Stacking_Chair_Fixed_Arms_mdl_c.jpg.rendition.480.360.jpg,https://www.hermanmiller.com/content/dam/hmicom/app_assets/product_models/c/caper_stacking_chairs/caper_stacking_chair_tablet_arm_right/HMI_Caper_Stacking_Chair_Tablet_Arm_Right_mdl_c.jpg.rendition.900.675.jpg,https://www.hermanmiller.com/en_gb/resources/3d-models-and-planning-tools/product-models/individual/caper-stacking-chair-tablet-arm-right/
herman_miller:cosm_chairs,herman_miller,cosm chairs,cosm_chairs,,images/herman_miller/cosm_chairs/HMI_Cosm_Chair_High_Back_Leaf_Arms_mdl_c.jpg.rendition.480.360.jpg,https://www.hermanmiller.com/content/dam/hmicom/app_assets/product_models/c/cosm_chairs/cosm_chair_mid_back_leaf_arms/HMI_Cosm_Chair_Mid_Back_Leaf_Arms_mdl_c.jpg.rendition.900.675.jpg,https://www.hermanmiller.com/en_gb/resources/3d-models-and-planning-tools/product-models/individual/cosm-chair-mid-back-leaf-arms/
herman_miller:eames_aluminum_group_chairs,herman_miller,eames aluminum group chairs,eames_aluminum_group_chairs,,images/herman_miller/eames_aluminum_group_chairs/mh_prd_seating_office_chairs_cosm.jpg.rendition.480.360.jpg,https://www.hermanmiller.com/content/dam/hmicom/app_assets/product_models/e/eames_aluminum_group_side_chairs/eames_aluminum_group_side_chair_with_arms/HMI_Eames_Aluminum_Group_Side_Chair_With_Arms_mdl_c.jpg.rendition.900.675.jpg,https://www.hermanmiller.com/en_gb/resources/3d-models-and-planning-tools/product-models/individual/eames-aluminum-group-side-chair-with-arms/
herman_miller:eames_coffee_table,herman_miller,eames coffee table,eames_coffee_table,,images/herman_miller/eames_coffee_table/mh_prd_tables.jpg.rendition.480.360.jpg,https://www.hermanmiller.com/content/dam/hmicom/app_assets/product_models/e/eames_coffee_tables/eames_coffee_table_square/HMI_Eames_Coffee_Table_Square_mdl_c.jpg.rendition.900.675.jpg,https://www.hermanmiller.com/en_gb/resources/3d-models-and-planning-tools/product-models/individual/eames-coffee-table-square/
herman_miller:eames_lounge_chair_and_ottoman,herman_miller,eames lounge chair and ottoman,eames_lounge_chair_and_ottoman,,images/herman_miller/eames_lounge_chair_and_ottoman/th_prd_swoop_lounge_furniture_side_chairs_fn.jpg,https://www.hermanmiller.com/content/dam/hmicom/app_assets/product_models/e/eames_ottoman/eames_ottoman/HMI_Eames_Ottoman_mdl_c.jpg.rendition.900.675.jpg,https://www.hermanmiller.com/en_gb/resources/3d-models-and-planning-tools/product-models/individual/eames-ottoman/
herman_miller:eames_molded_fiberglass_chairs,herman_miller,eames molded fiberglass chairs,eames_molded_fiberglass_chairs,,images/herman_miller/eames_molded_fiberglass_chairs/mh_prd_seating_office_chairs_cosm.jpg.rendition.480.360.jpg,https://www.hermanmiller.com/content/dam/hmicom/app_assets/product_models/e/eames_molded_fiberglass_side_chairs/eames_molded_fiberglass_side_chair_wire_base_upholstered_seat_pad/HMI_Eames_Molded_Fiberglass_Side_Chair_Wire_Base_Upholstered_Seat_Pad_mdl_c.jpg.rendition.900.675.jpg,https://www.hermanmiller.com/en_gb/resources/3d-models-and-planning-tools/product-models/individual/eames-molded-fiberglass-side-chair-wire-base-upholstered-seat-pad/
herman_miller:eames_molded_plastic_chairs,herman_miller,eames molded plastic chairs,eames_molded_plastic_chairs,,images/herman_miller/eames_molded_plastic_chairs/mh_prd_seating_office_chairs_cosm.jpg.rendition.480.360.jpg,https://www.hermanmiller.com/content/dam/hmicom/app_assets/product_models/e/eames_molded_plastic_side_chairs/eames_molded_plastic_side_chair_wire_base_upholstered_seat_pad/HMI_Eames_Molded_Plastic_Side_Chair_Wire_Base_Upholstered_Seat_Pad_mdl_c.jpg.rendition.900.675.jpg,https://www.hermanmiller.com/en_gb/resources/3d-models-and-planning-tools/product-models/individual/eames-molded-plastic-side-chair-wire-base-upholstered-seat-pad/
herman_miller:eames_molded_plywood_chairs,herman_miller,eames molded plywood chairs,eames_molded_plywood_chairs,,images/herman_miller/eames_molded_plywood_chairs/mh_prd_seating_office_chairs_cosm.jpg.rendition.480.360.jpg,https://www.hermanmiller.com/content/dam/hmicom/app_assets/product_models/e/eames_molded_plywood_lounge_chairs/eames_molded_plywood_lounge_chair_wood_base_upholstered/HMI_Eames_Molded_Plywood_Lounge_Chair_Wood_Base_Upholstered_mdl_c.jpg.rendition.900.675.jpg,https://www.hermanmiller.com/en_gb/resources/3d-models-and-planning-tools/product-models/individual/eames-molded-plywood-lounge-chair-wood-base-upholstered/
herman_miller:eames_soft_pad_chairs,herman_miller,eames soft pad chairs,eames_soft_pad_chairs,,images/herman_miller/eames_soft_pad_chairs/mh_prd_seating_office_chairs_cosm.jpg.rendition.480.360.jpg,https://www.hermanmiller.com/content/dam/hmicom/app_assets/product_models/e/eames_soft_pad_side_chairs/eames_soft_pad_side_chair_with_arms/HMI_Eames_Soft_Pad_Side_Chair_With_Arms_mdl_c.jpg.rendition.900.675.jpg,https://www.hermanmiller.com/en_gb/resources/3d-models-and-planning-tools/product-models/individual/eames-soft-pad-side-chair-with-arms/
herman_miller:eames_tables,herman_miller,eames tables,eames_tables,,images/herman_miller/eames_tables/mh_prd_seating_office_chairs_cosm.jpg.rendition.480.360.jpg,https://www.hermanmiller.com/content/dam/hmicom/app_assets/product_models/e/eames_tables/eames_table_round_contract_base/HMI_Eames_Table_Round_Contract_Base_mdl_c.jpg.rendition.900.675.jpg,https://www.hermanmiller.com/en_gb/resources/3d-models-and-planning-tools/product-models/individual/eames-table-round-contract-base/
herman_miller:ello_micro_power_access,herman_miller,ello micro power access,ello_micro_power_access,,images/herman_miller/ello_micro_power_access/mh_prd_seating_office_chairs_cosm.jpg.rendition.480.360.jpg,https://www.hermanmiller.com/content/dam/hmicom/app_assets/product_models/h/hmi_ello/hmi_ello_micro_power_access_rfa.zip/HMI_Hmi_Ello_Micro_Power_Access_Rfa.zip_mdl_c.jpg.rendition.900.675.jpg,https://www.hermanmiller.com/en_gb/resources/3d-models-and-planning-tools/product-models/individual/HMI-Ello-Micro-Power-Access-rfa.zip/
herman_miller:ello_mini_power_access,herman_miller,ello mini power access,ello_mini_power_access,,images/herman_miller/ello_mini_power_access/mh_prd_seating_office_chairs_cosm.jpg.rendition.480.360.jpg,https://www.hermanmiller.com/content/dam/hmicom/app_assets/product_models/e/ello_mini/ello_mini_power_access_undermount/HMI_Ello_Mini_Power_Access_Undermount_mdl_c.jpg.rendition.900.675.jpg,https://www.hermanmiller.com/en_gb/resources/3d-models-and-planning-tools/product-models/individual/ello-mini-power-access-undermount/
herman_miller:everywhere_tables,herman_miller,everywhere tables,everywhere_tables,,images/herman_miller/everywhere_tables/HMI_EMEA_Everywhere_Tables_mdl_c.jpg.rendition.900.675.jpg,https://www.hermanmiller.com/content/dam/hmicom/app_assets/product_models/h/hmi_everywhere/hmi_everywhere_tables/HMI_Hmi_Everywhere_Tables_mdl_c.jpg.rendition.900.675.jpg,https://www.hermanmiller.com/en_gb/resources/3d-models-and-planning-tools/product-models/individual/hmi-everywhere-tables/
herman_miller:girard_flower_table,herman_miller,girard flower table,girard_flower_table,,images/herman_miller/girard_flower_table/mh_prd_seating_office_chairs_cosm.jpg.rendition.480.360.jpg,https://www.hermanmiller.com/content/dam/hmicom/app_assets/product_models/g/girard_flower_tables/girard_flower_table_large/HMI_Girard_Flower_Table_Large_mdl_c.jpg.rendition.900.675.jpg,https://www.hermanmiller.com/en_gb/resources/3d-models-and-planning-tools/product-models/individual/girard-flower-table-large/
herman_miller:girard_stool,herman_miller,girard stool,girard_stool,,images/herman_miller/girard_stool/mh_prd_seating_office_chairs_cosm.jpg.rendition.480.360.jpg,https://www.hermanmiller.com/content/dam/hmicom/app_assets/product_models/h/hm_girard_stools/hm_girard_stool_rfa.zip/HMI_Hm_Girard_Stool_Rfa.zip_mdl_c.jpg.rendition.900.675.jpg,https://www.hermanmiller.com/en_gb/resources/3d-models-and-planning-tools/product-models/individual/HM-Girard-Stool-rfa.zip/
herman_miller:mirra_2_chairs,herman_miller,mirra 2 chairs,mirra_2_chairs,,images/herman_miller/mirra_2_chairs/th_prd_mirra_2_chair_office_chairs_fn.jpg,https://www.hermanmiller.com/content/dam/hmicom/app_assets/product_models/m/mirra_2_chairs/mirra_2_chair_suspension_back_fixed_arms/HMI_Mirra_2_Chair_Suspension_Back_Fixed_Arms_mdl_c.jpg.rendition.900.675.jpg,https://www.hermanmiller.com/en_gb/resources/3d-models-and-planning-tools/product-models/individual/mirra-2-chair-suspension-back-fixed-arms/
herman_miller:mirra_2_stool,herman_miller,mirra 2 stool,mirra_2_stool,,images/herman_miller/mirra_2_stool/th_prd_mirra_2_chair_office_chairs_fn.jpg,https://www.hermanmiller.com/content/dam/hmicom/app_assets/product_models/m/mirra_2_stools/mirra_2_stool_suspension_back_fixed_arms/HMI_Mirra_2_Stool_Suspension_Back_Fixed_Arms_mdl_c.jpg.rendition.900.675.jpg,https://www.hermanmiller.com/en_gb/resources/3d-models-and-planning-tools/product-models/individual/mirra-2-stool-suspension-back-fixed-arms/
herman_miller:motia_sit_to_stand_tables,herman_miller,motia sit to stand tables,motia_sit_to_stand_tables,,images/herman_miller/motia_sit_to_stand_tables/mh_prd_seating_office_chairs_cosm.jpg.rendition.480.360.jpg,https://www.hermanmiller.com/content/dam/hmicom/app_assets/product_models/h/hmi_motia_sit_to_stand/hmi_motia_sit_to_stand_tables/HMI_Hmi_Motia_Sit_to_Stand_Tables_mdl_c.jpg.rendition.900.675.jpg,https://www.hermanmiller.com/en_gb/resources/3d-models-and-planning-tools/product-models/individual/hmi-motia-sit-to-stand-tables/
herman_miller:oe1_communal_tables,herman_miller,oe1 communal tables,oe1_communal_tables,,images/herman_miller/oe1_communal_tables/mh_prd_seating_office_chairs_cosm.jpg.rendition.480.360.jpg,https://www.hermanmiller.com/content/dam/hmicom/app_assets/product_models/o/oe1_communal_tables/oe1_communal_table_screen_fabric_/HMI_Oe1_Communal_Table_Screen_Fabric__mdl_c.jpg.rendition.900.675.jpg,https://www.hermanmiller.com/en_gb/resources/3d-models-and-planning-tools/product-models/individual/oe1-communal-table-screen-fabric-/
herman_miller:oe1_mobile_easel,herman_miller,oe1 mobile easel,oe1_mobile_easel,,images/herman_miller/oe1_mobile_easel/mh_prd_seating_office_chairs_cosm.jpg.rendition.480.360.jpg,https://www.hermanmiller.com/content/dam/hmicom/app_assets/product_models/o/oe1_mobile/oe1_mobile_easel_project_board/HMI_Oe1_Mobile_Easel_Project_Board_mdl_c.jpg.rendition.900.675.jpg,https://www.hermanmiller.com/en_gb/resources/3d-models-and-planning-tools/product-models/individual/oe1-mobile-easel-project-board/
herman_miller:oe1_sit_to_stand_table,herman_miller,oe1 sit to stand table,oe1_sit_to_stand_table,,images/herman_miller/oe1_sit_to_stand_table/mh_prd_seating_office_chairs_cosm.jpg.rendition.480.360.jpg,https://www.hermanmiller.com/content/dam/hmicom/app_assets/product_models/o/oe1_sit_to_stand_tables/oe1_sit_to_stand_table_round/HMI_Oe1_Sit_to_Stand_Table_Round_mdl_c.jpg.rendition.900.675.jpg,https://www.hermanmiller.com/en_gb/resources/3d-models-and-planning-tools/product-models/individual/oe1-sit-to-stand-table-round/
herman_miller:product_models,herman_miller,product models,product_models,,images/herman_miller/product_models/mh_prd_seating_office_chairs_cosm.jpg.rendition.480.360.jpg,,
herman_miller:renew_sit_to_stand_tables,herman_miller,renew sit to stand tables,renew_sit_to_stand_tables,,images/herman_miller/renew_sit_to_stand_tables/mh_prd_seating_office_chairs_cosm.jpg.rendition.480.360.jpg,https://www.hermanmiller.com/content/dam/hmicom/app_assets/product_models/h/hmi_renew_sit_to_stand/hmi_renew_sit_to_stand_tables/HMI_Hmi_Renew_Sit_to_Stand_Tables_mdl_c.jpg.rendition.900.675.jpg,https://www.hermanmiller.com/en_gb/resources/3d-models-and-planning-tools/product-models/individual/hmi-renew-sit-to-stand-tables/
herman_miller:rohde_easy_chair,herman_miller,rohde easy chair,rohde_easy_chair,,images/herman_miller/rohde_easy_chair/mh_prd_seating_office_chairs_cosm.jpg.rendition.480.360.jpg,https://www.hermanmiller.com/content/dam/hmicom/app_assets/product_models/h/hmi_rohde_easy_chairs/hmi_rohde_easy_chair_rfa.zip/HMI_Hmi_Rohde_Easy_Chair_Rfa.zip_mdl_c.jpg.rendition.900.675.jpg,https://www.hermanmiller.com/en_gb/resources/3d-models-and-planning-tools/product-models/individual/HMI-Rohde-Easy-Chair-rfa.zip/
herman_miller:rohde_paldao_table,herman_miller,rohde paldao table,rohde_paldao_table,,images/herman_miller/rohde_paldao_table/mh_prd_seating_office_chairs_cosm.jpg.rendition.480.360.jpg,https://www.hermanmiller.com/content/dam/hmicom/app_assets/product_models/r/rohde_paldao_side_tables/rohde_paldao_side_table_low/HMI_Rohde_Paldao_Side_Table_Low_mdl_c.jpg.rendition.900.675.jpg,https://www.hermanmiller.com/en_gb/resources/3d-models-and-planning-tools/product-models/individual/rohde-paldao-side-table-low/
herman_miller:sayl_chairs,herman_miller,sayl chairs,sayl_chairs,,images/herman_miller/sayl_chairs/mh_prd_seating_office_chairs_cosm.jpg.rendition.480.360.jpg,https://www.hermanmiller.com/content/dam/hmicom/app_assets/product_models/s/sayl_chairs/sayl_chair_upholstered_mid_back_height_adjustable_arms/HMI_Sayl_Chair_Upholstered_Mid_Back_Height_Adjustable_Arms_mdl_c.jpg.rendition.900.675.jpg,https://www.hermanmiller.com/en_gb/resources/3d-models-and-planning-tools/product-models/individual/sayl-chair-upholstered-mid-back-height-adjustable-arms/
herman_miller:spout_sit_to_stand_table,herman_miller,spout sit to stand table,spout_sit_to_stand_table,,images/herman_miller/spout_sit_to_stand_table/mh_prd_seating_office_chairs_cosm.jpg.rendition.480.360.jpg,https://www.hermanmiller.com/content/dam/hmicom/app_assets/product_models/h/hmi_spout_sit_to_stand_tables/hmi_spout_sit_to_stand_table_rfa.zip/HMI_Hmi_Spout_Sit_to_Stand_Table_Rfa.zip_mdl_c.jpg.rendition.900.675.jpg,https://www.hermanmiller.com/en_gb/resources/3d-models-and-planning-tools/product-models/individual/HMI-Spout-Sit-to-Stand-Table-rfa.zip/
herman_miller:striad_sofas,herman_miller,striad sofas,striad_sofas,,images/herman_miller/striad_sofas/mh_prd_seating_office_chairs_cosm.jpg.rendition.480.360.jpg,https://www.hermanmiller.com/content/dam/hmicom/app_assets/product_models/s/striad_sofas/striad_sofa_low_back_2_seat_armless_wire_base/HMI_Striad_Sofa_Low_Back_2_Seat_Armless_Wire_Base_mdl_c.jpg.rendition.900.675.jpg,https://www.hermanmiller.com/en_gb/resources/3d-models-and-planning-tools/product-models/individual/striad-sofa-low-back-2-seat-armless-wire-base/
herman_miller:verus_chairs,herman_miller,verus chairs,verus_chairs,,images/herman_miller/verus_chairs/mh_prd_seating_office_chairs_cosm.jpg.rendition.480.360.jpg,https://www.hermanmiller.com/content/dam/hmicom/app_assets/product_models/v/verus_chairs/verus_chair_upholstered_back_height_adjustable_arms/HMI_Verus_Chair_Upholstered_Back_Height_Adjustable_Arms_mdl_c.jpg.rendition.900.675.jpg,https://www.hermanmiller.com/en_gb/resources/3d-models-and-planning-tools/product-models/individual/verus-chair-upholstered-back-height-adjustable-arms/
herman_miller:verus_side_chairs,herman_miller,verus side chairs,verus_side_chairs,,images/herman_miller/verus_side_chairs/mh_prd_seating_office_chairs_cosm.jpg.rendition.480.360.jpg,https://www.hermanmiller.com/content/dam/hmicom/app_assets/product_models/v/verus_side_chairs/verus_side_chair_upholstered_back_fixed_arms/HMI_Verus_Side_Chair_Upholstered_Back_Fixed_Arms_mdl_c.jpg.rendition.900.675.jpg,https://www.hermanmiller.com/en_gb/resources/3d-models-and-planning-tools/product-models/individual/verus-side-chair-upholstered-back-fixed-arms/
herman_miller:zeph_chair,herman_miller,zeph chair,zeph_chair,,images/herman_miller/zeph_chair/HMI_Zeph_Chair_Armless_mdl_c.jpg,https://www.hermanmiller.com/content/dam/hmicom/app_assets/product_models/z/zeph_chairs/zeph_chair_with_arms/HMI_Zeph_Chair_With_Arms_mdl_c.jpg.rendition.900.675.jpg,https://www.hermanmiller.com/en_gb/resources/3d-models-and-planning-tools/product-models/individual/zeph-chair-with-arms/
herman_miller:zeph_stool,herman_miller,zeph stool,zeph_stool,,images/herman_miller/zeph_stool/th_prd_zeph_chair_office_chair_fn.jpg,https://www.hermanmiller.com/content/dam/hmicom/app_assets/product_models/z/zeph_stools/zeph_stool_with_arms/HMI_Zeph_Stool_With_Arms_mdl_c.jpg.rendition.900.675.jpg,https://www.hermanmiller.com/en_gb/resources/3d-models-and-planning-tools/product-models/individual/zeph-stool-with-arms/
naughtone:knot_side_table,naughtone,knot side table,knot_side_table,,,https://www.hermanmiller.com/content/dam/hmicom/app_assets/product_models/k/knot_side_tables/knot_side_table_round/NTO_Knot_Side_Table_Round_mdl_c.jpg.rendition.900.675.jpg,https://www.hermanmiller.com/en_gb/resources/3d-models-and-planning-tools/product-models/individual/knot-side-table-round/
